individual,G10J,G1A,G10B,G10C,CXX20,G1D,G10M,CXX110,G10H,MU50,MU59,G10L,G10X,MU23,MU51,CPH9,144A06,MSUT2,G10U,145P07,G10P
10303,186/190,184/192,152/160,205/205,127/127,179/179,212/212,149/151,223/231,110/128,223/223,151/159,141/141,195/201,210/222,141/145,119/119,197/197,163/165,163/165,151/151
10466,190/196,192/198,150/150,203/205,129/129,179/184,204/210,149/155,221/231,110/132,223/223,155/157,141/145,195/197,216/218,141/143,119/123,197/197,163/175,165/165,151/151
10567,186/190,192/194,158/164,205/211,127/129,180/184,206/214,149/155,223/231,110/138,223/243,151/157,141/145,193/197,214/214,141/143,119/119,197/207,163/165,163/167,151/155
10640,190/196,184/192,150/160,205/205,129/129,184/184,204/212,149/153,223/231,110/120,223/223,159/159,141/141,193/195,214/218,141/145,119/123,197/197,163/165,163/163,151/151
10663,190/196,184/198,150/160,203/205,129/129,179/184,204/206,149/151,223/231,110/128,223/223,155/159,141/141,193/195,214/218,141/145,119/123,197/197,165/175,163/165,151/151
10665,190/190,186/198,160/162,205/205,127/129,179/179,206/206,153/155,221/223,110/128,223/223,157/159,141/145,195/197,202/218,141/145,119/123,197/197,163/163,163/165,151/155
10667,186/186,194/194,158/160,203/205,129/129,179/184,206/212,153/157,231/231,120/122,223/243,151/159,135/145,197/199,214/214,141/145,119/119,203/207,161/165,165/165,151/153
10680,186/190,186/194,158/160,205/205,127/129,179/184,212/212,153/153,231/231,120/120,223/223,159/159,145/145,195/197,214/218,145/145,119/119,197/207,163/165,163/165,153/155
10786,186/190,192/194,158/160,205/205,127/129,179/180,206/212,153/155,223/223,128/138,223/243,151/157,141/145,193/197,216/222,141/147,119/119,197/199,163/163,163/165,151/151
10822,190/190,192/192,160/160,205/207,127/129,179/179,210/212,151/153,223/231,128/128,223/223,151/155,141/145,193/193,214/216,141/145,119/119,197/197,163/165,163/163,151/151
10846,186/190,194/194,160/160,203/205,127/129,179/184,210/212,153/155,223/231,120/138,223/243,157/159,133/145,195/199,214/218,141/145,119/119,197/197,161/163,163/165,153/155
10853,186/190,186/192,150/160,207/207,127/129,179/184,210/212,153/155,223/231,120/128,223/243,157/159,141/145,195/197,218/222,141/145,119/119,207/207,163/175,163/165,151/153
10981,186/190,194/198,158/160,203/205,129/129,184/184,206/210,155/157,223/231,122/138,223/243,151/157,133/135,197/199,210/214,141/147,119/123,197/203,161/175,163/165,151/155
10992,186/186,192/194,158/164,203/205,127/129,179/184,206/206,153/153,231/231,138/142,223/249,151/159,135/141,195/199,214/218,145/147,119/119,197/203,163/165,163/165,151/151
11053,186/190,184/198,150/160,203/211,127/129,179/184,212/212,153/153,231/233,132/138,243/249,151/157,133/141,197/199,216/218,141/149,119/119,197/199,163/163,163/165,151/155
11059,186/196,184/192,158/162,205/205,127/129,178/184,212/214,149/155,231/231,128/138,223/223,151/155,137/143,195/199,214/218,139/145,119/119,195/197,163/165,163/165,151/151
11170,186/190,184/192,154/158,205/205,127/129,179/184,212/214,149/155,231/233,110/128,223/241,151/151,137/143,195/195,212/216,139/139,119/119,197/197,163/163,163/165,151/153
11243,186/186,184/186,154/158,205/207,129/129,184/184,210/210,147/151,231/231,130/142,223/223,155/155,137/141,195/195,214/218,145/145,119/119,197/197,163/163,163/163,151/151
11531,196/196,184/198,158/162,205/205,127/127,179/185,214/214,147/157,231/231,120/142,223/241,151/157,141/145,195/195,214/218,139/143,119/119,193/195,163/163,163/163,151/153
11913,186/190,186/192,150/160,205/205,127/129,184/184,206/212,149/153,223/223,110/110,223/223,157/157,141/145,195/197,202/214,141/145,119/123,197/197,163/163,163/165,153/155
12102,186/186,184/186,158/162,205/205,127/127,179/184,210/214,151/155,233/233,128/128,239/241,151/151,141/141,199/199,202/218,145/145,119/119,195/197,165/165,163/165,151/151
12237,186/186,184/194,158/160,205/205,127/127,179/184,210/212,147/155,231/233,128/142,223/241,151/157,141/145,193/195,218/218,139/147,119/119,195/197,163/163,163/163,151/151
12353,186/190,186/186,160/162,205/207,131/131,184/185,210/212,155/155,231/231,128/128,239/241,151/151,141/141,193/199,214/218,145/145,119/119,195/197,163/165,163/165,151/151
12469,196/196,184/192,148/162,205/205,127/127,184/186,214/214,149/151,231/231,110/142,223/223,155/157,137/141,193/195,218/218,141/145,119/119,195/197,159/161,165/165,151/151
12472,186/190,194/198,160/160,205/205,127/131,179/184,214/216,147/155,231/231,142/142,223/223,157/159,141/145,195/195,214/218,145/145,119/119,193/197,163/165,163/163,151/151
12480,186/196,184/184,160/162,205/205,127/127,179/179,210/212,151/155,223/231,110/128,223/223,151/159,141/141,195/195,216/218,145/145,119/119,197/197,163/165,163/167,151/155
13290,186/190,186/186,154/160,205/205,129/131,184/184,212/216,149/149,231/231,128/132,223/249,151/155,141/141,195/195,214/218,145/145,119/119,195/197,163/165,161/163,151/151
13580,186/190,184/198,148/154,205/207,129/131,179/185,210/212,153/155,231/231,110/128,223/223,151/159,141/143,195/199,214/218,139/143,119/119,197/197,163/163,161/163,151/151
13695,180/186,184/198,152/160,205/205,127/127,179/184,210/212,149/153,221/223,110/134,223/249,151/151,141/141,195/201,210/222,141/145,119/119,197/197,163/163,163/165,151/151
13828,190/190,184/192,150/160,205/207,127/127,179/179,212/212,151/153,223/231,120/128,223/223,155/159,141/141,193/197,214/214,141/141,119/119,197/197,165/175,163/165,151/151
14247,186/196,184/194,160/162,205/205,127/127,178/179,210/214,149/151,231/231,110/142,223/223,151/159,141/145,195/195,214/218,145/145,119/119,193/197,165/165,163/165,151/155
14483,186/186,184/196,158/162,205/205,127/127,179/184,212/214,147/155,231/231,128/142,223/239,151/151,141/143,195/195,214/218,141/145,119/119,197/197,163/163,163/165,151/151
14642,190/190,192/194,150/162,205/205,127/129,179/184,206/214,151/153,223/223,110/128,223/223,157/157,141/145,193/197,214/218,141/145,119/123,197/197,163/175,163/163,151/153
14701,186/190,198/198,158/160,203/205,127/129,179/184,206/212,151/153,231/231,128/138,223/223,157/159,141/141,195/195,212/222,141/143,119/119,197/197,163/163,161/163,151/155
20799,186/196,192/198,160/162,205/205,127/129,184/184,214/216,149/149,231/233,110/110,223/223,155/157,141/143,193/195,214/214,141/147,119/119,197/197,159/167,165/167,151/151
20829,186/196,184/198,148/162,205/205,127/127,179/185,214/214,147/155,231/231,110/142,223/223,151/157,141/141,195/195,214/218,141/145,119/119,195/197,159/161,165/165,151/153
21609,186/186,184/190,148/152,203/203,127/131,180/184,212/212,151/155,231/231,138/138,223/223,155/155,141/141,195/199,214/218,139/141,119/119,195/197,165/179,163/167,151/151
21739,190/190,184/198,158/160,205/205,129/129,179/184,206/206,151/153,223/231,110/128,223/223,155/159,141/145,195/195,214/214,141/145,119/123,197/207,165/175,163/165,151/151
21926,186/196,192/192,158/162,201/205,129/131,180/184,212/214,155/155,231/253,110/128,223/223,155/159,141/143,195/199,202/214,143/143,119/119,195/197,159/163,163/163,151/151
22055,186/190,184/184,154/158,205/205,127/129,178/180,208/210,155/157,231/231,110/122,223/239,155/155,141/145,195/197,202/214,145/145,119/119,195/197,163/163,163/173,151/153
22097,180/190,198/198,150/162,205/205,127/129,184/184,208/208,151/151,252/255,110/110,223/239,151/151,131/141,197/197,210/214,143/143,119/131,193/197,163/175,167/173,151/151
22208,180/186,184/194,152/160,205/205,127/129,180/184,210/212,155/157,223/231,120/138,239/241,155/155,131/145,195/199,214/218,143/143,119/119,197/197,163/175,163/165,151/151
22313,186/196,184/194,152/152,205/209,129/131,179/180,210/214,151/153,221/231,110/138,223/223,157/157,133/145,195/201,214/218,139/139,119/119,199/199,163/175,161/163,151/157
22360,186/196,184/184,158/160,205/207,127/129,178/179,210/214,147/155,231/231,128/142,223/241,155/159,133/141,195/197,214/214,145/145,119/119,197/203,165/165,165/165,151/151
22442,190/190,184/198,162/164,205/205,127/129,184/184,212/214,149/151,231/231,110/138,223/239,155/155,137/141,195/199,214/214,141/145,119/121,197/197,163/175,163/165,151/153
22587,186/190,184/198,154/162,203/205,131/131,179/180,206/210,149/155,223/231,138/138,223/239,155/157,137/141,195/195,198/214,143/145,119/119,197/197,175/175,161/169,151/151
22896,186/190,184/184,154/160,205/205,129/131,178/184,210/214,151/151,231/231,110/130,223/239,151/151,141/141,195/197,214/214,139/145,119/119,197/197,163/165,163/165,151/151
22984,186/186,194/194,152/158,205/207,131/131,184/185,208/212,147/149,231/231,142/142,223/223,155/159,141/141,195/195,214/218,141/143,119/131,197/197,163/163,161/163,151/151
23036,190/196,184/192,160/160,205/205,127/129,179/179,206/212,149/155,231/231,110/128,223/223,155/159,141/141,193/193,214/218,141/141,119/123,197/197,163/175,163/163,151/151
23234,186/186,184/186,160/162,205/207,127/127,179/184,212/214,151/155,231/231,128/128,239/239,151/151,137/143,193/195,214/218,145/145,119/119,197/197,165/165,163/165,151/151
23262,186/196,184/184,148/148,205/205,127/127,184/184,214/214,147/155,231/231,138/138,223/241,155/155,137/141,195/195,214/214,141/145,119/119,197/197,163/175,165/167,151/151
23311,186/186,186/192,158/162,205/205,129/131,185/185,214/214,149/151,231/231,128/132,241/249,155/159,141/141,195/199,214/214,141/145,119/119,197/197,165/175,163/165,151/151
23534,190/190,186/192,160/162,205/207,127/129,179/184,206/212,153/155,231/231,120/128,223/223,159/159,141/145,195/195,218/222,141/145,119/119,197/207,163/163,163/165,151/151
23996,186/186,184/184,150/160,205/205,129/129,182/184,214/214,149/149,231/255,132/142,227/241,157/159,141/143,193/195,214/216,141/145,119/119,197/197,163/165,165/165,151/151
24010,190/190,186/192,150/160,201/207,127/129,179/184,210/214,153/155,221/223,120/120,241/243,157/157,141/145,195/195,218/222,141/145,119/123,207/207,163/175,163/165,151/153
24031,190/190,180/198,150/160,203/205,127/127,179/180,212/214,151/153,231/231,110/132,223/223,157/159,133/145,195/197,218/218,143/145,119/119,197/197,163/163,163/165,151/153
24846,190/190,184/192,150/160,205/207,127/129,179/179,210/212,151/155,231/231,128/132,223/223,155/159,141/145,193/197,214/216,141/141,119/119,197/197,163/165,163/165,151/151
25274,186/190,184/192,158/162,205/205,127/129,179/180,206/212,151/155,221/223,110/138,223/243,151/159,145/145,197/197,202/222,145/147,119/119,197/199,163/163,163/165,151/151
25586,186/186,194/198,162/162,205/211,127/129,184/185,208/212,149/151,221/223,138/142,223/241,155/155,131/137,199/199,214/216,141/143,119/119,197/197,159/167,167/167,151/151
25721,190/190,184/192,160/160,205/205,127/129,179/179,210/212,153/155,231/231,120/132,223/223,151/159,141/141,193/193,214/214,141/141,119/119,197/197,165/175,163/165,151/151
25850,186/190,186/192,160/162,207/207,127/129,184/184,206/210,151/153,223/223,110/120,223/223,151/159,141/145,195/195,218/222,141/145,119/123,207/207,163/175,163/163,151/153
25852,186/190,186/192,150/162,201/207,129/129,179/184,212/214,153/155,221/231,120/120,223/241,157/159,141/145,193/195,218/218,141/145,119/123,207/207,163/175,163/165,151/151
26309,186/196,184/194,158/162,205/205,127/127,184/185,212/214,147/147,231/231,142/142,223/241,151/151,141/145,193/195,214/218,139/143,119/119,195/195,163/163,163/163,151/153
26363,186/186,194/194,160/162,205/205,127/129,184/185,212/214,147/155,231/233,128/128,227/241,157/157,131/141,195/199,218/218,141/147,119/119,197/197,163/163,161/165,151/159
26729,186/190,184/196,154/160,205/211,131/131,184/185,212/214,147/155,221/231,138/142,223/223,151/157,137/141,199/199,202/212,145/145,119/119,195/197,163/163,165/165,151/161
26823,186/190,194/194,148/162,205/205,129/129,179/184,212/214,151/157,223/255,110/120,223/239,157/159,131/145,195/195,214/216,139/145,119/119,193/195,163/163,163/167,151/153
26901,186/186,184/194,148/148,205/205,127/127,182/184,212/214,147/155,231/233,128/138,227/241,155/157,141/145,195/195,212/218,139/141,119/119,197/197,163/163,163/165,151/151
27041,186/186,184/184,148/160,203/205,129/131,184/184,214/214,147/155,231/233,130/142,223/223,151/159,137/137,195/199,218/218,139/145,119/119,197/197,161/163,165/167,151/151
27132,186/190,184/198,152/164,203/205,127/131,179/184,210/214,151/151,231/255,124/142,223/249,157/159,131/137,199/199,214/218,141/141,119/119,193/197,163/163,165/167,151/151
27836,186/196,184/184,154/158,205/205,127/127,179/184,212/214,147/155,231/231,142/142,223/223,151/155,137/141,195/199,214/218,141/145,119/119,197/197,163/163,163/165,151/151
27978,190/190,184/194,150/160,205/205,127/129,179/184,206/210,147/153,231/255,138/142,223/241,155/155,133/145,195/197,214/218,141/143,115/119,197/199,159/175,163/165,151/155
28132,186/190,184/186,150/162,205/205,127/129,184/184,206/212,151/151,223/223,110/128,223/239,157/157,141/145,195/197,214/218,141/145,119/119,197/197,163/165,161/163,153/155
28797,186/190,192/192,160/162,205/207,127/129,184/184,210/212,153/153,223/231,120/120,223/223,157/159,145/145,193/195,218/222,141/145,119/119,207/207,163/175,165/165,151/151
30693,186/190,186/186,154/158,205/205,129/131,182/184,210/214,149/155,223/231,110/128,223/239,151/157,141/143,195/195,214/214,145/145,119/119,195/197,163/163,163/165,151/151
30748,190/196,184/196,158/162,203/211,127/129,184/184,210/212,147/149,221/223,110/122,223/241,155/157,137/145,195/201,198/202,141/145,121/123,197/197,163/165,167/167,151/153
31781,190/190,184/192,160/160,205/205,127/129,179/179,206/210,153/155,223/231,120/120,223/223,151/151,141/141,193/193,214/214,141/141,119/119,197/197,165/175,163/163,151/151
31913,186/186,184/186,150/162,205/205,127/129,184/184,206/210,147/151,223/233,110/142,223/223,157/157,141/145,195/197,216/218,145/147,119/119,197/197,163/163,161/165,151/153
32167,186/186,184/194,158/160,205/207,127/129,179/184,210/210,151/155,231/233,128/128,223/223,151/151,145/145,195/195,212/218,143/145,119/119,195/195,163/163,161/163,151/151
32327,186/196,184/198,162/164,205/205,127/127,179/184,212/214,143/151,252/255,132/132,223/223,151/157,133/141,195/197,218/218,141/143,119/119,197/199,163/175,163/167,151/151
33050,186/190,184/186,154/158,205/205,127/129,179/184,210/212,151/155,231/231,142/142,223/223,151/151,141/141,193/195,214/218,143/143,119/119,197/197,163/163,165/167,151/151
33166,186/186,184/184,152/160,205/209,127/139,180/184,210/212,149/153,223/231,122/138,223/223,151/155,133/141,197/199,214/216,145/147,119/131,197/199,159/165,163/165,151/151
33231,186/190,194/194,158/160,205/207,129/131,179/185,212/214,153/155,231/231,128/142,223/223,151/159,141/145,193/199,212/214,139/143,119/119,195/197,163/163,163/165,151/151
33266,186/190,184/194,154/164,203/205,129/133,179/184,212/212,147/155,221/231,128/142,241/249,157/159,137/137,193/199,202/218,143/145,119/123,195/197,163/175,165/169,151/161
33798,186/190,184/186,158/162,205/205,127/127,178/182,210/212,147/147,231/231,128/130,223/239,151/157,137/141,193/195,214/218,141/145,119/119,197/197,163/175,165/165,151/151
34283,186/186,184/186,158/160,205/205,127/131,184/185,214/214,149/155,231/231,128/142,241/249,159/159,141/141,195/199,214/218,145/145,119/119,197/197,163/165,163/163,151/151
34299,186/190,184/184,154/160,201/205,127/131,184/184,210/214,147/151,231/231,110/142,223/223,155/155,141/145,197/199,214/218,139/143,119/119,197/197,163/165,163/163,151/151
34320,186/196,184/184,158/160,201/205,127/127,179/184,210/212,151/153,231/255,110/138,223/223,151/157,137/141,195/197,214/216,141/143,119/119,197/203,163/163,163/167,151/161
34744,186/190,184/198,152/160,205/207,127/129,180/184,214/214,151/155,223/233,110/138,223/249,155/159,141/145,197/197,202/212,141/143,119/121,195/197,159/163,163/165,151/151
35712,190/190,184/184,152/152,203/205,129/129,179/180,210/210,155/157,231/231,138/138,223/243,151/155,141/141,199/201,214/218,141/143,119/121,197/197,175/175,161/165,151/157
35744,190/192,186/194,148/152,205/205,129/129,184/184,212/214,151/151,223/231,110/138,223/239,155/159,141/145,193/201,214/214,141/145,119/119,193/199,163/163,163/167,151/151
35751,180/186,194/198,150/164,205/205,127/127,184/184,208/214,151/151,252/255,110/124,223/239,157/157,131/137,197/197,210/218,141/141,119/131,193/197,163/175,165/167,151/153
36042,186/190,184/186,150/152,209/209,127/131,179/179,210/212,149/153,221/231,138/138,223/241,157/157,131/133,195/201,214/218,139/139,119/119,195/199,175/175,161/163,157/157
36346,190/190,184/194,152/160,205/205,129/131,179/184,210/212,153/157,223/231,110/138,223/223,155/155,133/135,195/195,214/216,143/143,119/121,197/197,163/175,161/163,151/153
36392,186/196,184/194,152/158,205/205,129/131,178/185,208/210,147/147,231/231,138/142,223/223,155/155,141/141,195/197,218/218,143/145,119/131,197/197,163/163,163/173,151/151
36397,186/190,184/190,158/160,211/211,129/131,180/184,206/212,151/157,231/231,130/142,223/239,151/155,137/141,195/199,202/218,143/145,119/119,197/197,165/165,165/165,151/151
36492,186/196,184/194,160/162,205/207,127/129,179/185,214/214,147/153,231/231,110/142,241/241,155/157,141/141,197/199,214/214,139/145,119/119,197/203,163/165,165/169,151/151
36879,186/186,186/196,162/162,211/211,127/129,185/185,208/212,151/157,231/231,122/138,227/239,155/155,141/141,193/199,214/218,141/141,119/119,197/197,163/175,167/173,151/159
37121,190/190,184/198,158/160,205/207,129/129,179/179,206/212,153/155,221/223,120/128,223/241,151/159,141/145,193/195,214/218,145/145,119/119,197/207,163/165,163/165,151/151
37349,186/186,184/198,158/160,203/205,127/131,184/184,214/214,149/151,231/231,110/110,223/223,155/157,141/141,199/201,214/222,141/145,119/119,197/197,165/175,163/167,151/159
37517,190/196,184/186,158/162,205/205,127/131,179/184,212/214,155/157,231/231,120/128,239/241,151/151,141/145,195/199,214/214,143/145,119/119,193/195,163/163,163/163,151/151
41586,186/190,184/184,154/164,203/203,127/127,184/184,210/214,147/153,231/253,120/130,223/239,151/155,145/145,195/195,214/214,143/143,119/131,195/197,167/175,163/165,151/151
41871,186/186,184/194,158/160,205/205,127/129,179/184,210/214,155/155,231/231,110/128,223/223,151/155,145/145,195/195,214/218,139/145,119/119,193/195,163/165,165/165,151/159
41929,186/190,184/194,152/164,205/205,127/133,184/186,210/212,153/155,231/231,138/142,223/243,155/155,137/141,193/195,212/218,145/145,119/121,197/197,163/175,161/163,151/159
44008,186/190,186/192,158/158,205/205,127/131,184/184,214/216,149/155,231/231,110/128,223/227,151/157,141/141,195/195,218/218,145/145,119/119,195/203,165/165,163/165,151/151
44248,190/196,184/192,154/158,205/205,127/129,179/179,214/214,147/155,231/233,128/142,223/223,151/151,143/145,195/195,212/218,139/139,119/119,193/197,163/163,163/165,151/151
44255,190/196,184/194,158/158,205/205,127/131,179/184,214/214,149/155,231/231,128/142,239/241,151/151,137/145,195/197,214/214,139/139,119/119,193/197,163/163,165/169,151/151
55391,186/190,184/184,150/162,205/205,127/129,179/184,214/214,149/153,231/231,120/142,223/241,157/157,141/145,193/195,214/222,141/141,119/119,197/207,163/165,163/165,151/151
55498,190/190,186/192,158/160,205/207,127/127,179/184,210/212,153/155,231/231,120/120,223/243,159/159,141/141,195/197,214/218,141/145,119/119,197/207,165/175,163/163,151/155
55590,186/186,184/184,148/160,205/205,127/127,179/184,212/214,147/155,231/255,130/138,223/223,151/155,137/141,195/195,214/214,141/141,119/119,197/197,163/175,165/165,151/151
55759,190/190,184/184,150/160,205/207,127/127,179/179,210/212,151/151,223/231,128/128,223/223,159/159,141/141,193/197,214/214,141/145,119/119,197/197,165/165,163/163,151/151
119204,186/186,184/194,148/162,205/205,127/129,184/184,210/212,147/155,231/233,128/142,223/241,151/157,141/143,195/195,218/218,139/147,119/119,197/197,163/163,163/165,151/151
119418,186/190,184/194,160/162,205/209,127/129,179/182,206/214,147/153,233/255,138/138,223/243,155/157,131/145,195/199,210/218,141/141,119/119,197/197,159/163,163/167,151/155
119421,186/190,194/194,148/160,205/209,127/129,179/182,206/214,147/151,231/231,120/138,223/223,157/157,131/145,195/199,214/218,141/145,119/119,197/197,163/163,161/167,151/155
119445,186/186,184/194,148/160,205/205,127/127,182/185,212/214,147/147,231/233,128/138,223/227,155/157,131/145,195/199,212/218,141/143,119/119,197/197,163/163,161/163,151/159
125023,186/186,198/198,160/160,205/209,127/129,184/184,212/212,153/155,223/231,132/138,223/243,151/157,135/145,193/195,198/218,143/143,119/119,199/203,171/175,163/165,151/151
125585,186/186,186/194,148/148,205/205,127/131,184/184,212/214,147/155,231/233,128/142,223/241,151/155,143/145,195/195,214/218,139/143,119/119,197/197,163/163,163/163,151/159
134616,186/186,184/186,148/154,205/205,127/131,179/184,212/214,147/151,231/231,128/142,223/223,151/155,141/141,193/195,214/218,141/145,119/119,195/197,161/163,165/165,151/151
139903,186/186,192/194,150/160,205/205,127/127,179/180,206/212,149/149,223/231,110/110,223/223,157/157,141/141,195/195,212/222,143/145,119/119,197/197,163/163,163/167,151/151
139917,186/196,184/194,148/160,205/205,127/129,179/185,212/214,149/155,223/233,128/128,223/241,151/155,141/145,195/195,214/218,145/145,119/119,193/197,165/165,163/165,151/151
149691,186/186,186/186,154/162,201/205,127/129,179/184,210/212,147/155,231/231,128/142,223/223,151/159,137/141,195/199,214/218,145/145,119/119,197/197,163/165,163/165,151/151
149724,186/186,184/192,148/150,205/205,127/131,180/184,206/212,149/151,223/231,110/128,223/223,151/157,141/141,193/195,212/212,141/145,119/119,197/197,163/163,165/167,151/151
196636,186/186,186/186,160/160,205/207,129/131,182/185,210/214,153/155,231/231,110/128,241/249,151/151,141/143,193/199,212/214,145/145,119/119,197/197,163/165,163/165,151/151
197098,186/196,184/184,158/160,201/205,127/127,179/184,212/212,147/155,231/231,128/142,223/223,151/155,137/143,195/199,214/214,141/145,119/119,197/197,163/163,163/165,151/151
197159,188/196,184/198,154/160,201/205,127/129,184/184,210/214,151/155,231/231,128/128,223/223,155/155,137/145,195/195,214/218,143/145,119/119,193/197,163/163,163/165,151/151
197199,186/186,184/184,148/158,205/205,131/131,179/185,214/214,147/155,231/231,110/138,223/223,155/155,137/143,195/195,212/214,139/145,119/119,197/197,163/165,165/167,151/151
197212,186/186,184/198,162/162,205/205,127/127,184/185,212/214,151/155,231/231,110/142,223/239,157/157,141/141,195/199,214/214,139/145,119/119,197/203,163/163,165/167,151/151
197223,186/186,184/194,160/162,205/205,127/131,184/184,212/214,147/151,223/231,138/142,241/241,157/157,141/141,193/195,218/218,145/147,119/119,197/197,163/163,163/163,151/151
197310,186/196,184/184,154/162,205/205,127/127,178/185,212/214,147/155,231/231,128/142,223/241,151/151,137/141,193/199,218/218,139/141,119/119,197/197,163/175,165/167,151/151